Duy,Hue,huynhduy25072002@gmail.com,0123456789,Online,Male,1/7/2002
Duy,Hue,huynhduy25072002@gmail.com,0123456789,Offline,Male,1/7/2002
Duy,Hue,huynhduy25072002@gmail.com,0123456789,Online,Male,1/7/2002
Duy,Hue,huynhduy25072002@gmail.com,0123456789,Offline,Male,1/7/2002
Duy,Hue,huynhduy25072002@gmail.com,0123456789,Online,Male,1/7/2002
Duy,Hue,huynhduy25072002@gmail.com,0123456789,Offline,Male,1/7/2002
Duy,Hue,huynhduy25072002@gmail.com,0123456789,Online,Male,1/7/2002
Duy,Hue,huynhduy25072002@gmail.com,0123456789,Offline,Male,1/7/2002
Duy,Hue,huynhduy25072002@gmail.com,0123456789,Offline,Male,1/7/2002
Duyk,Hue,huynhduy25072002@gmail.com,0123456789,Offline,Male,1/7/2002
Duy,Hue,huynhduy25072002@gmail.com,0123456789,Offline,Female,1/7/2002
Duy,Hue,huynhduy25072002@gmail.com,0123456789,Offline,Male,1/7/2002
Duy,Hue,huynhduy25072002@gmail.com,0123456789,Online,Male,1/7/2002
Duy,Hue,huynhduy25072002@gmail.com,0123456789,Offline,Male,1/7/2002
Duyljkljkl,Hue,huynhduy25072002@gmail.com,0123456789,Online,Male,1/7/2002
Duy,Hue,huynhduy25072002@gmail.com,0123456789,Offline,Male,1/7/2002
Duy,Hue,huynhduy25072002@gmail.com,0123456789,Online,Male,1/7/2002
Duy,Hue,huynhduy25072002@gmail.com,0123456789,Offline,Male,1/7/2002
Duy,Hue,huynhduy25072002@gmail.com,0123456789,Online,Male,1/7/2002
Duy,Hue,huynhduy25072002@gmail.com,0123456789,Offline,Male,1/7/2002
Duy,Hue,huynhduy25072002@gmail.com,0123456789,Online,Male,1/7/2002
Duy,Hue,huynhduy25072002@gmail.com,0123456789,Offline,Male,1/7/2002
Duy,Hue,huynhduy25072002@gmail.com,0123456789,Online,Male,1/7/2002
Duy,Hue,huynhduy25072002@gmail.com,0123456789,Offline,Male,1/7/2002
Duy,Hue,huynhduy25072002@gmail.com,0123456789,Offline,Female,1/7/2002
Duy,Hue,huynhduy25072002@gmail.com,0123456789,Offline,Male,1/7/2002
